ChainedFMAs,VectorWidth,AvgGFLOPs,MaxGFLOPs,AvgTime,MaxTime,AvgGFLOPSPerSec,MaxGFLOPSPerSec,Processes
1,8,16,16,1.30122,1.30268,12.2961,12.3016,48
3,8,48,48,4.27798,4.28295,11.2203,11.2238,48
2,8,32,32,4.2608,4.28697,7.51038,7.55673,48
4,8,64,64,4.29673,4.30246,14.8951,14.911,48
5,8,80,80,4.26998,4.27488,18.7354,18.7397,48
