ChainedFMAs,VectorWidth,GFLOPs,Time,GFLOPSPerSec
2,8,1536,1.303,1178.82
1,8,768,1.30314,589.346
3,8,2304,1.55374,1482.87
4,8,3072,1.55327,1977.76
5,8,3840,1.59063,2414.14
8,8,6144,1.55339,3955.21
6,8,4608,1.55331,2966.57
7,8,5376,1.63178,3294.57
9,8,6912,1.74698,3956.55
10,8,7680,1.94058,3957.57
11,8,8448,2.13409,3958.59
12,8,9216,2.32989,3955.55
13,8,9984,2.52212,3958.57
14,8,10752,2.71668,3957.77
15,8,11520,2.91093,3957.49
