ChainedFMAs,VectorWidth,GFLOPs,Time,GFLOPSPerSec
1,8,576,1.22537,470.064
1,8,576,1.22339,470.822
1,8,576,1.22324,470.881
1,8,576,1.22514,470.15
1,8,576,1.2233,470.858
1,8,576,1.2228,471.048
